TAZ_id,Lat_centroid,Lng_centroid,Nb_nodes_in_Taz,Area_taz
396,34.23320730080894,-118.1110929471825,8,167923825.48067
397,34.27244629481252,-117.8711664199888,33,838214693.77378
589,34.16488107991971,-118.3921254715349,0,1298158.00232
590,34.181213998689415,-118.39212566066709,0,1615123.30954
591,34.196241690914746,-118.3911298937079,0,587375.9436
592,34.20448321247483,-118.39197427409087,0,706720.46527
593,34.21657959804558,-118.3918832103116,0,1432759.60954
594,34.229544532886656,-118.39138741170171,0,1365050.12105
595,34.14511439961428,-118.38749851790227,0,1218315.26049
596,34.15292712442979,-118.38678431434865,0,1637571.19059
597,34.164898646020774,-118.38336504388073,0,1303202.47275
598,34.17578243755462,-118.38339910973593,0,648961.57172
599,34.18485851020455,-118.3834097466697,0,972537.97774
600,34.19456364259458,-118.38356173551182,0,757432.62235
601,34.20361000583948,-118.38328456642374,0,862366.11951
602,34.21724144360978,-118.38350842743012,0,1561821.39016
603,34.1355569549915,-118.38058948154726,0,2607058.74719
604,34.17578805869983,-118.37466048317894,0,648347.65076
605,34.18486639518838,-118.37467665864264,0,972199.50536
606,34.19370745979584,-118.37486684888027,0,602606.01731
607,34.20274360237239,-118.37457199763344,0,1015441.22552
608,34.15894044192139,-118.37408908368946,0,1073256.3878
609,34.14956556379753,-118.37220268160607,0,1001880.23454
610,34.217804950774095,-118.37303975947522,0,1282379.56035
611,34.14289550100559,-118.36980227180993,0,1077566.52136
612,34.21077567344646,-118.37190971086864,0,719532.65903
613,34.166676532117116,-118.37019475747499,0,632213.52592
614,34.16951533266863,-118.3660281303699,0,1053692.40959
615,34.1592924935875,-118.36565821199949,0,986549.61212
616,34.204736818629726,-118.36649489476694,0,565417.35191
617,34.19086731822407,-118.36545723978747,0,900684.89652
618,34.18289056152537,-118.36500308513307,0,781372.02779
619,34.17573775595135,-118.36429658957566,0,890636.25148
620,34.19979960757948,-118.35760787202314,0,2272010.42462
621,34.217290495572406,-118.36018782573976,0,2175410.6087
622,34.130029692122825,-118.35541315860884,0,3807264.20426
623,34.14809386231255,-118.3558133965757,0,1753801.66038
624,34.15789404920383,-118.3568615907113,0,1022205.51344
625,34.185696935309196,-118.35463247736244,1,1705555.0591
626,34.13891247173109,-118.35173861916668,0,1258772.82979
627,34.172005386570994,-118.35312118853034,3,988573.34513
628,34.16227226163554,-118.34931497721037,1,938333.24628
629,34.149485116006616,-118.34435525043213,0,719607.44448
630,34.18497269195351,-118.34384322280185,0,1317108.49784
631,34.17416486449499,-118.34308524312824,0,1226444.86443
632,34.19466540984472,-118.339749221725,2,2006819.093
633,34.15623741413148,-118.33741058767295,2,1381593.7093
634,34.16475752197098,-118.33836961493006,1,1495599.99814
635,34.20267707980641,-118.3354066855529,1,1406117.2908
636,34.14973787132564,-118.33544295465809,2,740183.83299
637,34.181384213305975,-118.33098994949603,12,2172074.6312
638,34.192949133856004,-118.32300666900016,23,1904873.87577
639,34.17444589256101,-118.32267275389998,22,2144039.72121
640,34.16178017411535,-118.3201186695667,13,2347549.04283
641,34.19914844199736,-118.31785556401559,0,1060736.77898
642,34.18543131448092,-118.31284790046311,24,528071.5244
643,34.20792055136722,-118.3055446360724,1,13040941.316
644,34.182912981951525,-118.30919154823951,14,400481.5134
645,34.169393618919706,-118.30927490844198,35,1428240.44945
646,34.18005173731469,-118.30527015842743,23,651337.35916
647,34.18967729485876,-118.30068808389687,3,2006245.44655
648,34.17583832724499,-118.30020250371888,31,1007248.22198
715,34.282099337424995,-118.39257675082646,0,948749.61457
716,34.26898920305001,-118.38832440060217,0,4569814.89001
717,34.24235715262696,-118.38063774040266,1,8773871.80104
718,34.279503699604575,-118.37901683120178,0,1567312.41394
719,34.21827260261431,-118.34758852484917,0,3774648.74739
720,34.26140746354583,-118.35522984830997,0,9355882.7008
721,34.27469014916163,-118.335338336977,0,7276265.08804
722,34.25500989627251,-118.32061050074635,1,3822903.9641
723,34.23409403815879,-118.32281070863398,8,19403643.97502
724,34.263384330956754,-118.3073885433893,0,1240473.72458
725,34.2795441551244,-118.30463299631106,1,4377907.01969
726,34.24284410185463,-118.29414226295577,10,6303455.20137
727,34.25947364633065,-118.29298714721746,1,1141887.69956
728,34.25297238112634,-118.2907311203282,6,650395.5254
729,34.25160844720239,-118.28163250020033,6,698648.06887
730,34.248745786967135,-118.27099098910354,7,2583460.12394
731,34.27097053390551,-118.27058647090162,1,12561098.98361
878,33.99748860178125,-118.39248620351391,0,1408692.93394
879,33.987460564051084,-118.39166260483971,0,1058095.45147
880,34.06973434510761,-118.39065463841217,0,604667.47664
881,34.01300692788975,-118.38475987086373,0,1684516.45719
882,34.02352449007248,-118.3872191756292,0,1401347.54806
883,34.08759953202943,-118.38850256701865,0,471709.82356
884,34.09856078227177,-118.38808947857694,0,1823855.09692
885,33.98402074288077,-118.38529140070739,0,1019221.08247
886,34.07428113298627,-118.38723884819981,0,312552.11549
887,34.06269872959528,-118.38308151470419,1,1054779.58161
888,34.03633600358076,-118.3871533312067,0,897249.98607
889,34.07977167094879,-118.38560455736588,1,545549.9647
890,34.0328250685434,-118.3831962103823,0,521664.04031
891,34.05045527382187,-118.38259488056856,0,1192712.90282
892,34.042512936047785,-118.38179368758759,0,623999.48551
893,34.002829955708876,-118.38034621214246,0,2646152.10454
894,34.09030156298774,-118.38138254643727,0,563751.70424
895,34.05829146289255,-118.37999240313698,0,639158.43338
896,34.072971253027006,-118.38009417017449,0,507845.96836
897,34.03001412633596,-118.37814689568033,0,607073.94107
898,34.06773596115013,-118.37898842054301,1,429278.24368
899,34.08260274699277,-118.37842400888968,0,835958.25941
900,34.10401574737305,-118.37555024898046,1,3162700.25656
901,33.987503126437495,-118.3729529032209,0,3246166.23211
902,34.07139996601507,-118.37305289787818,0,575791.51461
903,34.09187026475962,-118.37205608169855,0,604777.16165
904,34.04824504421897,-118.37194934155295,0,777636.68182
905,34.03867239615773,-118.37169592607063,0,1221787.02044
906,34.01136665864966,-118.36585023453382,0,4172409.57242
907,34.05578413898888,-118.3706047302059,0,739532.30714
908,34.07818155412121,-118.36956490045603,0,682539.66838
909,34.06044135041351,-118.37017767462707,0,301932.35041
910,34.0847198999599,-118.36852050890919,0,1056612.02891
911,34.029042308284495,-118.36685036728308,1,960148.49626
912,34.02368926216258,-118.36698645653453,0,916171.61896
913,34.0664968718581,-118.36615318342322,0,593097.56059
914,34.0727874284471,-118.36564473737276,0,580948.16383
915,34.09249238253522,-118.36530477484901,1,699016.5555
916,34.0499363447565,-118.3631085971162,0,1094116.90736
917,34.03596334738032,-118.36051402710468,0,896196.06365
918,34.05982440730542,-118.35973211430522,0,970398.83642
919,34.04228201862258,-118.3549013327103,0,900429.85531
920,34.11457527087704,-118.36068485407812,0,6043782.36533
921,34.09802928053539,-118.35771310629373,0,561839.90402
922,34.07816661243088,-118.35732793397405,0,344106.40299
923,34.0288784637514,-118.35629091840802,0,538558.05798
924,33.9930730439558,-118.35482451088906,2,2663074.62669
925,34.04896574363381,-118.35452986274608,0,897462.36928
926,34.06974361402768,-118.35563255465338,0,1242334.1312
927,34.01707191600248,-118.35307947153815,0,441780.87957
928,34.064214155330276,-118.35047276758753,0,612452.60637
929,34.084185639722946,-118.35225472320974,0,1388530.01028
930,34.0911852069981,-118.35305944083535,0,1164573.85401
931,34.03665689188774,-118.35089498291697,1,636093.75088
932,34.00670007176357,-118.3512619155872,0,1339939.11097
933,34.026623903125056,-118.34977808340416,1,912117.49986
934,33.985242312606125,-118.34632417267407,0,1180977.09442
935,34.096180061327,-118.34900535519895,0,364870.94606
936,34.07485347063392,-118.3485023128367,0,1011109.59644
937,34.10064183042876,-118.34941535377172,0,501725.38497
938,34.057124281923244,-118.34824183864924,0,964009.10005
939,34.016945322454255,-118.34774780344269,0,568960.47611
940,34.03620098881517,-118.34271388576038,0,668671.55702
941,34.01263930810949,-118.34021345019673,1,1130205.31699
942,34.04272792442226,-118.34230622893408,0,381697.49425
943,34.04958403334464,-118.3424597097471,1,918674.47993
944,34.11303730180187,-118.34103216283383,0,1290165.73094
945,34.10059921624475,-118.3416964691407,0,733595.59124
946,33.9985884745606,-118.34016359159693,0,2105566.77344
947,34.020919059540496,-118.34056505442892,1,557353.92626
948,34.02784063863879,-118.34019308426602,0,971380.41041
949,34.074663932361645,-118.3392741626456,1,1107806.33349
950,34.08733585351511,-118.33858474351906,1,1498825.91976
951,34.056925541047235,-118.33797237222359,0,674744.55263
952,34.04343052973758,-118.33496427605502,2,679111.43084
953,34.098662621738235,-118.33367253838738,1,642229.49996
954,34.03578893992265,-118.33294517214918,1,825183.56525
955,33.98205975865987,-118.33180620945816,0,772802.61812
956,34.06778586195216,-118.33174207351053,2,2655632.29849
957,34.02675870471141,-118.33183021686577,0,651532.50196
958,34.10337934439775,-118.33252212016126,4,438055.69786
959,33.97308007552224,-118.33037630641195,0,851190.12156
960,34.01640734435589,-118.33115255221794,0,882531.83266
961,34.05186620791247,-118.33059879513254,1,780937.18376
962,34.00737862557943,-118.32902224202482,4,869918.46087
963,34.11135777902054,-118.32970201435697,4,1067544.69286
964,34.04432543704139,-118.32755337464766,1,598345.49831
965,33.9872212781971,-118.32768563464056,0,741733.60266
966,34.07974303744964,-118.32849255501964,2,879121.14008
967,33.99220797140461,-118.32763340406139,4,1303296.60756
968,34.08529634078073,-118.32770512807255,1,404556.45067
969,34.088924011410036,-118.32771244700403,0,404073.45731
970,34.094366921843914,-118.32773450850308,3,810602.9244
971,34.13492922210803,-118.32785255626231,2,9123146.26745
972,33.99933184872261,-118.32443022210052,0,1296095.04728
973,34.05705012658537,-118.3237991230486,4,1349655.19115
974,34.03269414077655,-118.3230174414956,0,703100.37067
975,34.02220831883379,-118.32267319328142,0,726180.8048
976,34.027614356427534,-118.32292651473668,1,440664.77916
977,34.0377797412148,-118.32300977070935,4,411467.31617
978,33.97455351658679,-118.32211508576242,0,652328.98205
979,33.98182343502741,-118.32208296315223,0,653901.83911
980,34.01208680310977,-118.32148699900601,7,1241331.80293
981,34.04945409979764,-118.32151522523066,1,373458.71952
982,34.10841056238307,-118.3212811621961,2,591942.45596
983,34.043563100764025,-118.32067615566325,3,445017.17296
984,34.10095478739159,-118.32167729025744,27,648429.66718
985,34.086512642729495,-118.31695754782524,3,708311.72216
986,34.0943950042646,-118.31901330841127,3,486780.14542
987,34.079857727097334,-118.3181010625853,2,683602.54244
988,34.06524711030532,-118.31828407009894,3,673902.3656
989,34.103795874578324,-118.31519687942351,14,402977.4182
990,34.122654396807064,-118.31815913721431,2,1914136.29335
991,34.07245651462825,-118.31525987573283,2,908638.53645
992,34.059844779859255,-118.31387005883744,1,356999.92691
993,34.02453741214128,-118.31327945174061,5,1129503.08245
994,34.0353834416495,-118.31332664790509,13,809286.129
995,34.014554830004336,-118.31299984737416,0,620769.72711
996,34.05636073863301,-118.31305996522762,1,288492.78674
997,34.05063642634387,-118.31269310191861,3,536807.89363
998,33.963627972028625,-118.31119918007448,0,983315.49359
999,33.97092928738861,-118.31119274076737,0,979349.3461
1000,33.978949121232276,-118.31117698605283,0,1176990.22344
1001,34.08878973625633,-118.31236132995299,4,264211.82587
1002,34.09442073125043,-118.31247660816024,19,489789.55674
1003,34.113224136552304,-118.30980652478978,7,2281661.20998
1004,34.04174567994649,-118.3114923550386,2,461943.13273
1005,33.992083432644336,-118.31081693720918,3,767354.69436
1006,34.04537244775562,-118.31149731138656,2,461018.02174
1007,33.9993835548382,-118.31083492185718,2,1112466.22118
1008,34.06550570549083,-118.3114599668327,4,346226.12983
1009,34.00727765806421,-118.31082688609006,1,918800.91243
1010,34.09997727938048,-118.31139577993567,4,318696.12375
1011,34.079880051140705,-118.3113326820084,3,324759.90239
1012,33.94729435872546,-118.30972539605996,0,1662836.42294
1013,33.95634905238256,-118.30899197792947,0,1300978.43923
1014,33.98620520446553,-118.30670386278422,0,1300844.83394
1015,34.07261420366934,-118.30731573072173,0,270674.6228
1016,34.07986909010281,-118.30685714816778,1,340607.02655
1017,34.058080362156524,-118.30661762978538,0,364519.10238
1018,34.014516388210716,-118.3045383045632,0,657160.99503
1019,34.021849716080084,-118.3045510503131,3,652176.04157
1020,34.03633090394523,-118.30462799938182,20,645415.49244
1021,34.06353743230644,-118.30472568360504,2,325272.85388
1022,34.067173086175124,-118.30473177455497,1,325343.06411
1023,34.0490294375576,-118.30450377641083,0,337775.63607
1024,34.052655881671875,-118.30453032239056,2,334788.45907
1025,34.08638273981668,-118.30595721966947,8,417399.33075
1026,34.09292872992647,-118.30479429207801,4,379489.63461
1027,34.096584049644115,-118.3049410249469,1,272629.52838
1028,34.103560830764756,-118.30490368671121,1,323925.01871
1029,34.099932787226535,-118.30380508723817,0,243851.92912
1030,34.088586613272355,-118.30272557154721,5,229091.35063
1031,34.02731703221868,-118.3023779859149,0,478723.96502
1032,34.0436824585335,-118.30288595879767,1,355091.53535
1033,34.07263640974651,-118.30294266317928,0,380905.18731
1034,34.03091674248704,-118.30241586568681,0,481659.55271
1035,34.0799254804278,-118.30249742558256,3,307667.52218
1036,34.056087619529386,-118.30197792655748,1,143390.74624
1037,34.05956069698756,-118.30222643034728,1,157117.11055
1038,33.96349576261307,-118.29797794327791,0,1026170.75085
1039,33.97096009149168,-118.29812165062947,0,972357.19358
1040,33.978918681005986,-118.29807920520486,1,1158369.3052
1041,33.99209241434783,-118.29799868351283,4,794932.75768
1042,33.99742282649094,-118.29818434102457,0,628473.24321
1043,34.001724303196205,-118.29787381700181,1,522726.94754
1044,34.00727342493614,-118.29803220685241,4,954237.22313
1045,34.014528451083336,-118.29802847283406,0,320537.11672
1046,34.06720778088121,-118.29850383128114,0,137903.86932
1047,34.070909066214774,-118.29849322202787,0,143883.86708
1048,34.05610378075388,-118.29816265438588,0,108010.36503
1049,34.05087425666281,-118.29789180556335,0,311950.64139
1050,34.05985373710548,-118.29791466089395,1,205587.10996
1051,34.09306611330549,-118.2982814219721,0,200995.89108
1052,34.04356334222387,-118.29604614501746,5,662644.97603
1053,34.02184244172975,-118.29587128137337,2,651641.80955
1054,34.0363687675434,-118.29591242445883,30,647079.72919
1055,34.06358577762679,-118.29600342359717,2,324289.48544
1056,34.0745246521475,-118.29601925922105,1,318393.20968
1057,34.07767165253836,-118.29605435272721,4,243450.22584
1058,34.08136495761947,-118.29615420857166,24,415220.40186
1059,34.08726081185869,-118.29603730889487,5,641097.47637
1060,34.09857665286714,-118.29617378260038,5,572024.64577
1061,34.10946694951485,-118.29585374507396,2,1358035.98399
1062,34.05612796859099,-118.29407296787008,1,161849.1625
1063,34.067227081511504,-118.2941518720848,1,185475.80226
1064,34.07087146473407,-118.29413966468555,0,186188.66861
1065,34.05088302396385,-118.29370023359495,3,311300.99617
1066,34.05976327344455,-118.2935146952226,1,155575.0845
1067,34.093167441527996,-118.29390788734185,0,205115.97135
1068,34.030656766326054,-118.29230174181079,1,304199.04728
1069,33.97916216494958,-118.28929770672205,1,416182.61799
1070,34.059762168166834,-118.29035645994331,0,106267.71761
1071,34.02676935432139,-118.28956234809263,0,409553.91142
1072,33.99949471189851,-118.28931808486682,1,379860.82718
1073,34.007313593473725,-118.2893578792829,0,323639.56565
1074,34.01456348387575,-118.28937556944749,8,964751.23944
1075,34.065444242854426,-118.28933419006944,2,343248.23444
1076,33.927340138281,-118.28705909502592,0,667032.40539
1077,33.93665915875182,-118.28710764285215,0,1051070.42531
1078,33.94665513169951,-118.28713293705943,0,796905.88169
1079,33.95552063301675,-118.28714671319577,0,827258.68998
1080,33.986246547200366,-118.2870218292255,2,1034204.26409
1081,33.992319459077365,-118.28700648770544,4,576971.81424
1082,34.042100082656496,-118.28789744164413,1,317359.2028
1083,34.045719542938784,-118.28782900331488,3,234124.86159
1084,34.02191818581151,-118.28822945289208,1,465364.20416
1085,34.049840520778176,-118.28788850096666,0,391668.74979
1086,34.05636576895518,-118.28793231512203,2,206381.70434
1087,34.08001334754531,-118.28810666596276,16,530962.33179
1088,34.085121490917594,-118.28810317067465,1,227076.03374
1089,34.08876205448507,-118.28811712439274,0,311244.96671
1090,34.10955243399477,-118.28846122765486,3,1019154.82253
1091,34.05371748438468,-118.28782009658599,1,200259.33325
1092,34.07280150282985,-118.28781611208892,10,579211.69249
1093,34.0304525940576,-118.28649873639219,1,204170.62917
1094,33.96215827475185,-118.28498679360149,0,566808.15683
1095,33.96603933910336,-118.28485941823148,0,489382.29485
1096,33.96929587630631,-118.28493889808585,0,397613.46109
1097,34.059825227860486,-118.2865326056095,5,213088.90266
1098,33.9727026905301,-118.28493241953038,0,527971.96506
1099,33.99972846291379,-118.28489979429219,0,363138.85254
1100,34.03648296265796,-118.28720988429463,21,635189.58797
1101,34.007438712008735,-118.2849551935248,4,338542.70458
1102,34.09469769153873,-118.28768924546422,10,695705.19109
1103,34.06491749964058,-118.28538820486382,1,223580.68373
1104,33.97896185414246,-118.28268024354081,1,773544.96577
1105,34.0202704796361,-118.2834922598618,3,204557.69615
1106,33.99241083684985,-118.27834021944813,14,580349.26589
1107,33.99972373061835,-118.27829511816287,12,727081.37178
1108,34.0074488982638,-118.27835680738265,23,653502.17471
1109,34.01583095343375,-118.278245695801,41,845339.74332
1134,33.95275087129083,-118.39096122362058,0,1506716.63424
1138,33.923654909129255,-118.38968066487833,0,1939183.281
1142,33.96911796841595,-118.38901696114958,0,2321822.45448
1147,33.952614617254476,-118.38224745822174,0,1038907.12655
1151,33.922879001654884,-118.38037721207634,0,792582.61431
1152,33.96522510907223,-118.37837994565749,0,1236648.82817
1154,33.949035374174684,-118.37434887880806,0,638679.05915
1156,33.97593143858867,-118.3730211464973,0,981545.72267
1158,33.923438262003614,-118.36972504874632,0,2107789.31256
1159,33.959056532435646,-118.37007514150308,0,1574971.04965
1162,33.950944350697114,-118.36573371382313,0,982899.5848
1165,33.934800105665126,-118.3638541203253,0,912022.51571
1166,33.94008020716864,-118.36357670748303,0,489684.1077
1167,33.94364652870272,-118.36335309576323,0,473850.24577
1168,33.97917782450676,-118.36382432273192,0,614213.73953
1169,33.969298322877364,-118.36444095487467,0,1219158.53899
1171,33.97418922839859,-118.36178207140055,0,438267.90502
1172,33.9204055178046,-118.35817356234277,0,821055.72738
1175,33.92830659633836,-118.35673848153073,0,835698.02168
1176,33.9623829889613,-118.35772234241486,0,579558.62283
1177,33.949072727483056,-118.3569392265787,0,654003.17548
1178,33.95581990925055,-118.35700223797348,0,584826.04269
1180,33.97865713247886,-118.35221182992754,0,682826.28373
1181,33.972041063381894,-118.35225713046992,0,800099.08108
1182,33.93523241000292,-118.34985173089069,0,777079.64415
1183,33.94001131165659,-118.35043213077337,0,483900.20457
1184,33.94363572089379,-118.35042613860678,0,486513.20122
1189,33.92005809732674,-118.34814278424953,0,638341.0788
1190,33.92782204021119,-118.3483780219116,0,724005.21886
1191,33.96179082929156,-118.34959613127825,0,453680.77265
1192,33.94908174445895,-118.34823161842814,0,640308.26288
1193,33.96699901000509,-118.34772941967563,0,429969.41141
1194,33.956560667872154,-118.3475934715211,0,632984.12376
1195,33.97697913793625,-118.34153653857989,0,1087497.74738
1199,33.92727044654698,-118.34026513347375,0,531940.7834
1200,33.93434959142412,-118.33938849609703,0,624866.97739
1201,33.941586138237234,-118.33950455794674,0,696361.47666
1203,33.95822672413898,-118.33675878432464,0,520103.58274
1206,33.92192881247601,-118.33465626117041,0,860496.66277
1208,33.965873717447224,-118.33621476994726,0,1942617.37773
1211,33.93432794940969,-118.33064509302285,0,592121.53843
1212,33.94162024221458,-118.33075971860552,0,689978.67093
1213,33.95023494387924,-118.33219118857296,0,2454595.86061
1214,33.92809215184089,-118.33075100695648,0,754199.19998
1215,33.956323260571125,-118.32396547710523,1,938325.75772
1217,33.93456270208992,-118.32207533165327,0,651435.74179
1218,33.94184979408643,-118.32205468263795,0,646553.66762
1219,33.965479396593125,-118.32211179535888,0,970613.74949
1224,33.92343787323337,-118.31745482999345,0,2485019.58675
1226,33.9369541852966,-118.31408751823365,1,974975.42283
1231,33.9354749996635,-118.3046457894725,1,816782.76852
1233,33.92367596115546,-118.30027804246609,0,2587865.21416
1234,33.9426036273715,-118.29914259101506,0,828784.32794
1235,33.94825219073679,-118.29726980262491,0,585443.4068
1241,33.93546614185572,-118.2959563746873,0,809934.39466
1242,33.95514708666858,-118.29562580951682,0,757242.95769
1248,33.920091156073,-118.28682119384608,0,711032.91474
1489,33.94692312350452,-118.27716988655118,0,1120350.70514
1490,33.956006803124474,-118.2771984737659,2,924722.20496
1491,33.92711905496322,-118.27600786777286,0,1043567.99064
1492,33.934651047084195,-118.2760600342609,0,973316.61053
1493,33.94010473791597,-118.27605527778998,1,488887.12869
1494,33.97854633594383,-118.27611307028569,0,345840.56377
1498,33.91978388456726,-118.27368898490661,0,1165954.7982
1499,33.963985124571316,-118.27390174468201,0,700629.65683
1500,33.97128634291738,-118.27390773900258,0,611583.5404
1501,33.97856774904575,-118.27173866473862,0,346931.65543
1502,34.00825985867407,-118.2718916343725,8,277262.63327
1503,33.99223594928829,-118.26956210295947,2,542178.85031
1504,33.99807163204032,-118.26967115616829,1,502694.62478
1505,34.003491892516415,-118.26906507931234,2,448682.91631
1506,34.01438303749841,-118.27045019481292,3,473004.41251
1507,33.94694491948223,-118.26840617779357,0,675540.68902
1508,33.985700298751794,-118.26711333295943,0,1577765.81799
1509,33.954264158439216,-118.26388829883301,0,719482.70219
1510,33.958315934485604,-118.26378349808726,0,588154.90308
1511,33.96378686702059,-118.26294262178487,0,979770.30314
1512,34.00782189989118,-118.26363639463935,1,336891.45876
1513,33.97108962058442,-118.26297148252011,0,984655.32574
1514,33.97838761161407,-118.26310311897778,0,979082.70544
1515,33.934493303861075,-118.26229073137725,0,1069906.81507
1516,33.939795485704295,-118.26109315134052,0,638150.36243
1517,34.01135095445898,-118.2624162518826,6,546064.00217
1518,33.92703020472634,-118.2616746571458,1,1281793.34831
1519,34.01735023059444,-118.26212961993808,1,782360.67347
1520,34.02419958304796,-118.26228170587854,0,282352.40444
1523,33.99253110705915,-118.26081797201499,0,583882.99577
1524,33.99827152489807,-118.26082855518423,0,445468.10833
1525,34.00369353083098,-118.2608663005168,2,526718.28319
1527,33.94701529968313,-118.25939214271708,1,1193946.30133
1528,34.02184197012076,-118.25706253357964,1,426734.88189
1531,33.99936791237279,-118.25429054209638,1,404598.70281
1532,34.010411970920124,-118.25348205131708,0,410839.81301
1533,33.979089435327964,-118.25204241556284,0,774211.85126
1534,33.986450080707726,-118.25208242484747,2,543387.20181
1535,33.992160724751315,-118.25209605119186,0,474826.47083
1536,34.00604552750131,-118.25131955961245,3,366042.31293
1537,34.01575370482893,-118.25193322549092,1,439918.67221
1538,33.932375957685174,-118.25024252623459,0,475769.71854
1539,33.93928213969366,-118.25021575090551,0,646427.87209
1540,34.02448272427729,-118.25030388611715,51,1025113.97695
1541,33.97128213465602,-118.24971110066917,1,932599.88286
1542,33.95125930620128,-118.25089217087861,0,865067.89742
1543,33.958721249283705,-118.2488413552996,0,590286.54273
1544,34.03439276050479,-118.2501845858974,44,1733733.02425
1545,33.99936696344389,-118.24994081115084,1,403961.57427
1547,33.96442667355653,-118.24880950183542,0,1133925.55869
1548,33.925417414612106,-118.24538219850488,0,1154495.91645
1549,33.94850594950724,-118.24611475981435,1,629741.49801
1550,34.01852555772118,-118.2469970550359,4,578922.75957
1552,34.009617011135134,-118.24396092543093,4,1002853.83935
1553,34.02887612943835,-118.24279157305713,28,842565.46474
1555,34.041110829290524,-118.24321363526961,13,616363.44958
1556,33.936353500317345,-118.24264880165127,0,1014729.36713
1557,33.99924688833177,-118.24325674989794,2,844079.73359
1558,33.99205442000901,-118.24301456205284,0,515270.63523
1559,34.04699401162988,-118.241598058012,23,578463.62386
1560,34.053024557025076,-118.24207680619942,22,304531.85064
1561,33.98524392946061,-118.24114618805027,17,805889.18647
1562,33.97884931665907,-118.24226381261906,0,970833.24423
1564,33.94866358832417,-118.23918452525116,0,812845.3646
1566,33.970769810950394,-118.23679152329655,1,1047660.72654
1567,33.96158520036104,-118.23615234759625,1,1077000.32058
1568,33.94539600019506,-118.23363312120908,0,275644.74985
1570,33.93279626018326,-118.23509363325451,0,606723.29395
1571,34.00245862855557,-118.23463618374235,21,2290559.7349
1572,33.92435831601304,-118.23411641241529,0,936716.0226
1573,33.93951830574391,-118.23369213958645,0,717010.66578
1575,33.984652945463004,-118.23337501080691,5,612836.74045
1576,33.952252503677016,-118.2340061564284,0,954942.47026
1577,33.97709351602086,-118.23124091772802,0,340950.38724
1578,33.98424063668496,-118.22899959949069,0,255968.49598
1580,33.93290079666246,-118.22830177658999,0,328889.79319
1582,34.02151743595037,-118.22905012760997,60,2598296.65347
1584,33.96934999544667,-118.22550093979815,0,599462.23685
1585,34.05051142450509,-118.22969523043031,57,875684.26071
1587,34.03530826433169,-118.22962818465221,130,2919019.30287
1588,33.94765570952885,-118.22528480373379,0,185702.40188
1589,33.96328053479469,-118.22731046600128,0,361541.56564
1590,34.04521920759901,-118.22839747968966,34,1061871.44767
1591,34.058180593785224,-118.22710122326592,61,1709956.82514
1592,33.984241283861174,-118.22516788564748,6,524263.11913
1593,33.95067310466174,-118.22410385909947,0,442021.0468
1594,33.976689891388375,-118.22440920900999,0,341832.3793
1596,33.95611908124771,-118.22426394763853,0,796217.91303
1598,33.96123971733017,-118.22210688608199,2,502558.55425
1599,33.94191868182718,-118.22104972424631,0,950357.98508
1600,33.97118501267174,-118.22167297436225,0,403695.20469
1601,33.990269232400614,-118.22175924233983,5,1079644.81121
1602,33.98320614714755,-118.22087272498696,3,278654.70793
1603,33.925101816278506,-118.21946194047004,0,1580299.64364
1604,33.9338792535668,-118.21948583790991,0,1411646.59959
1606,33.978820297912705,-118.21704276256912,0,299443.20475
1607,34.01018684729138,-118.2179920399576,23,2418724.62029
1608,33.99699351100022,-118.21502684063222,8,4073592.05734
1609,33.94878133546539,-118.2165073565852,0,469716.22406
1610,33.982881847508324,-118.21640724788915,0,190796.2071
1611,34.05372079543543,-118.21716582052909,69,997171.1369
1612,33.96159199727688,-118.21531035850072,0,487491.61091
1613,33.97456125137576,-118.2164701314388,1,345660.16179
1614,34.0370263044727,-118.21678894910205,29,574440.34639
1615,33.96839988562483,-118.21477503349749,0,536715.95258
1616,33.955255085478726,-118.21446947602648,0,317223.93551
1618,33.94081275463137,-118.2136257725341,0,256106.87769
1619,34.04618810706592,-118.21527095894187,21,296730.7934
1620,34.02450590019926,-118.21429873303609,2,286820.12203
1624,34.03098193291403,-118.2124516291679,62,1010606.34497
1625,34.01876376548007,-118.21173404368272,7,1459330.41069
1626,34.044531625028256,-118.21161994110628,2,301911.27137
1627,33.94808724650383,-118.21006202667347,0,422634.35564
1629,33.97840443126076,-118.20983918215641,0,325406.05773
1630,33.94082679873361,-118.20747811097445,0,795067.60306
1631,33.97428136075898,-118.20831895212712,0,381529.99608
1632,33.98200611174756,-118.20811615299773,0,395654.96693
1633,33.96772681255567,-118.20766225445473,0,673505.09792
1634,34.05236385433207,-118.20886896659633,16,735400.35753
1635,34.03874922038285,-118.20787263851685,1,643152.0145
1636,34.058792944789914,-118.20804740671609,2,423251.82599
1637,33.93382397037493,-118.20617354344621,0,748581.69759
1638,33.95428129948407,-118.2050285475679,0,974223.18463
1639,34.02381571787124,-118.20584102318757,10,320096.7273
1640,33.92762093301132,-118.20434736366934,0,876585.26215
1641,33.96018212548867,-118.20414737534954,0,771177.42256
1642,34.04361952205364,-118.20507587480007,2,301054.53534
1644,33.947602673915064,-118.20336692721456,0,490588.95591
1645,34.06212446190562,-118.20353437395411,9,717164.83151
1647,34.02855537312015,-118.20300202558704,22,769195.23926
1648,33.99280213194958,-118.20231980241785,0,328335.23625
1649,34.0468935545121,-118.20315031188487,0,320874.50158
1650,34.033890602323794,-118.20116814752467,3,263264.26718
1651,33.98554508254325,-118.20057714388786,0,435267.36378
1652,34.04989319473317,-118.20093238992804,2,281932.79992
1653,33.96574882603479,-118.20039864129859,0,574575.69928
1655,33.968266988494356,-118.19714775096404,0,323874.1556
1656,34.038786960384925,-118.19871465452034,2,603482.23806
1657,34.05267795355079,-118.1969946813753,5,532350.7088
1658,33.97278345988657,-118.19520501767643,0,800786.28105
1659,34.01744392893807,-118.1974988436928,18,922055.22055
1660,33.977207604617234,-118.19656858307117,0,705279.86051
1661,34.05918463249576,-118.19635877973529,11,640493.30834
1662,33.939345033067404,-118.19583156097666,0,1024643.18463
1663,34.02488284637309,-118.19557031342275,3,518089.24222
1665,34.04498561824573,-118.19557587542783,2,487150.64078
1666,33.94620810206398,-118.19400825719744,0,839985.41003
1667,33.989956665654375,-118.19517009246948,0,466865.77477
1668,33.92331143034766,-118.1941256917452,0,1214707.95562
1669,33.98509923912752,-118.19485409166765,0,239802.21097
1670,34.03337825139611,-118.19448456580727,18,448622.09307
1671,33.98049890095076,-118.19418583067748,0,550152.16939
1674,33.99366958595672,-118.19346407490673,0,481884.73983
1675,33.95491338855807,-118.19186335709391,0,1320382.6739
1676,33.93099965006693,-118.19017096401764,0,1237985.97014
1677,33.98463055978868,-118.19103524416063,0,184681.01077
1678,33.966275982592734,-118.19061616559141,0,414379.28743
1679,34.002950038267265,-118.19215709682295,18,4091111.56598
1680,34.03609148144653,-118.18850268738946,11,699359.4691
1681,34.04327484643646,-118.18860395027794,4,443913.66725
1683,33.95986257725721,-118.18499918409424,0,876050.10055
1684,34.0508765396293,-118.18838997598584,5,768727.63042
1685,33.988063428319705,-118.18714132317702,3,467261.47012
1686,34.02573883278848,-118.18592790971782,1,447146.29469
1687,34.02973644806978,-118.18606749066645,5,554810.33364
1688,34.016926236497376,-118.18268968172475,26,892875.72808
1689,33.96612312406957,-118.18287178658909,0,549469.98796
1690,33.92186476531446,-118.18138987208907,0,1805794.61249
1691,33.97497737227966,-118.18403472451499,0,766174.49531
1692,34.02175717725379,-118.18224295173576,6,785697.17384
1693,33.98359682409256,-118.1827007860647,0,318391.95917
1694,33.988845993702796,-118.1820767082151,0,400264.81222
1695,33.9440261182788,-118.18077093600922,0,3147780.37232
1696,34.05230585405658,-118.1812508028106,5,578291.00702
1697,34.04451582901781,-118.18101390553731,4,522154.24412
1698,34.03683923594787,-118.18158200222756,16,498227.39066
1699,34.05921127003102,-118.18399539058906,28,1055301.9322
1700,33.97526824184059,-118.17913764952007,0,514661.18651
1701,33.95955941835705,-118.17562655309153,0,364446.63554
1702,34.00963592156188,-118.17580302560846,78,3280649.93703
1703,33.964815221311014,-118.1750134595116,0,395741.0882
1704,34.053970504215165,-118.17554692464826,6,559272.57685
1705,33.983572125338824,-118.17382636302321,3,748119.06325
1706,34.04075963058637,-118.17390837204962,39,997055.85933
1707,34.029049295773575,-118.17252485630893,55,1664858.03107
1708,33.991301443310526,-118.1697986387081,17,2719396.13596
1709,34.05277672536151,-118.17162179882864,6,662609.39001
1710,34.01989097223706,-118.17084742023238,30,435340.45963
1711,33.97103225583541,-118.17188526979923,0,1612137.4667
1712,33.95811069491768,-118.1673639848209,0,523952.52031
1713,33.920403680438845,-118.1679838069382,0,2203189.6438
1714,33.94259075887794,-118.16801465447003,0,3140245.1999
1715,33.97181756022832,-118.165875719339,0,535638.05399
1716,34.03875946290851,-118.1658832030607,37,899966.62009
1717,34.018675919568956,-118.16479082028093,1,448084.69819
1718,34.02383705463423,-118.16237430235547,1,366569.2841
1719,33.970205906183395,-118.16164534280576,0,799509.46503
1720,34.02980229213771,-118.16151380847661,7,433832.17171
1721,33.95960297597473,-118.16111052892536,0,582765.53506
1722,34.01588184843549,-118.15977737436931,10,670550.93089
1723,33.97389645904716,-118.15553177860424,0,742225.25936
1724,33.99964070407934,-118.15618786019643,27,2330108.66597
1725,33.96742154258434,-118.15371697913274,0,758298.47484
1726,33.95748738538792,-118.15454751097788,0,800713.19853
1727,34.029461543528555,-118.15518920019049,11,583948.2572
1728,34.01385988058897,-118.15199228842634,4,930044.12955
1729,34.03886871455246,-118.15475404825297,20,1541517.59718
1730,34.021688699324876,-118.15208524769123,3,636786.07071
1731,33.98533693747723,-118.15160983180972,8,3501742.73724
1732,34.02781148769416,-118.14794600455143,14,855427.08643
1733,33.967890329160596,-118.14689357479641,0,778603.02685
1734,34.00405558883071,-118.14179615924455,18,2654716.90236
1735,34.013278396638874,-118.14241139298363,23,782926.86764
1736,33.96729995448978,-118.14002504331576,0,918423.90385
1737,34.01869096875747,-118.13917914560338,14,616380.05907
1738,34.02721734497116,-118.13657264082165,30,1801821.37416
1739,33.993268733832515,-118.13418728903221,5,1617465.32032
1740,33.97790784269754,-118.13460204697476,11,2275657.79909
1741,34.011776496953495,-118.13245858213759,19,707403.37056
1742,34.01906931645814,-118.12832678317697,8,669570.45013
1743,34.02664823852977,-118.12646061651272,12,736166.62688
1744,34.00598423577452,-118.12363423229617,5,1375425.17338
1745,33.98652912476254,-118.12209178982155,5,3007771.6279
1746,34.003528827824674,-118.11740576057854,1,832949.5554
1747,34.02838826739266,-118.11119533255876,18,2355214.96636
1748,34.015352814388926,-118.11547664619509,9,1321431.87117
1749,34.02071392367565,-118.11390044793167,1,660240.75418
1750,33.99733041891226,-118.11178638253502,2,1044663.631
1751,34.00499083898797,-118.10530013103507,10,1419524.63266
1752,34.01228412047849,-118.10067486874664,9,975081.97774
1753,34.02862705621463,-118.08899324235597,14,3562737.67263
1754,34.01997452354607,-118.09066891225036,4,1289405.54008
1761,33.9254567155145,-118.16181645529136,0,909831.67931
1762,33.93193815198531,-118.15558289915498,0,2523328.83083
1767,33.9424241848488,-118.14977092276708,0,1871764.16878
1771,33.92808276713573,-118.14531139741673,0,788292.20653
1772,33.95197529873628,-118.14382030614792,0,2848776.98023
1776,33.92457099691276,-118.1381273379872,0,1400339.12416
1778,33.93527959803238,-118.13391187951628,0,1529372.90188
1780,33.96411995906614,-118.13120197101304,0,2176595.72029
1782,33.94593599697072,-118.12987461468596,0,1274551.06088
1783,33.92253125544738,-118.12948929703592,0,1036324.10437
1787,33.94270845793652,-118.12309073189593,0,817637.40871
1790,33.95828584061498,-118.12006064918553,1,2647635.86682
1791,33.92507949714628,-118.11851605795472,0,2340317.34588
1794,33.9376029972845,-118.11247008923795,0,2465817.53658
1795,33.97692293939553,-118.10974216392684,2,3600818.24764
1798,33.94962704498268,-118.10580024844023,0,2662690.26515
1801,33.965017739298446,-118.10324687261499,0,1262789.18355
1802,33.92500351448847,-118.10137204017725,0,2509175.14232
1803,33.93577863614698,-118.0978906266534,0,872341.35831
1804,33.99491664950614,-118.09662838611226,13,3239231.49554
1806,33.97637496945584,-118.09687394436807,0,941984.13149
1808,33.95992955811276,-118.09438350918387,0,1930681.38088
1814,33.92347925443238,-118.08792761564331,0,1835129.14712
1817,33.97303594079601,-118.08980201806493,0,885801.35384
1819,33.941024814885004,-118.08857952428728,0,2358664.93491
1820,34.008099775144224,-118.08849587232439,14,1215816.81302
1821,33.98393149693049,-118.08641738435328,2,1926724.9056
1823,34.015335665095094,-118.08405210088247,10,754822.6945
1826,33.99347865637488,-118.08039881489977,4,1415198.45075
1827,33.96795095917745,-118.07869462230082,0,1641536.91445
1832,33.95222903665396,-118.07675553847353,0,4651590.60244
1834,33.92373039023566,-118.07606263394548,0,1648025.21039
1835,34.003626430964694,-118.07631068486242,6,1354236.14591
1839,33.9768742069618,-118.07196831161296,1,1760777.4703
1843,33.931990212077274,-118.0670190857939,0,3643720.64395
1844,33.96679278910509,-118.06877687037262,0,607928.89136
1845,33.92409505310574,-118.06711623336889,0,796337.19669
1848,34.01315915484583,-118.06750414719801,30,3321508.09765
1850,33.984778242855164,-118.06541602572702,6,2358536.36785
1851,33.99884229983852,-118.06337731888698,28,1519993.36407
1852,33.96005475020601,-118.06140396010635,0,2428968.48809
1857,33.99119434052423,-118.05309236329919,0,2006207.27951
1859,33.97264273616375,-118.05223645044863,0,1931559.13175
1860,33.94855965756432,-118.05267670959779,1,1982723.88653
1861,33.93657038462961,-118.05219590839681,0,1866557.43201
1862,33.92434922025403,-118.05082365732962,0,1328871.7259
1863,33.9819777706019,-118.04740185118283,1,1067527.7662
1865,33.96153652271832,-118.04502361780557,0,2008410.92679
1866,33.925297802646696,-118.04143349772956,0,1635066.29602
1867,33.970859784324176,-118.03804438866432,1,1123903.88642
1868,33.94597615040424,-118.0409414244207,0,1246594.11725
1871,34.0149560470264,-118.03887862731435,24,8464133.88268
1873,33.9792508211528,-118.03699660845398,0,744959.32814
1874,33.98610182126817,-118.03647539436315,2,804341.11144
1875,33.93937950145469,-118.03488831325093,0,1140239.33631
1877,33.95159549832985,-118.03399859528696,0,1022976.61665
1878,33.99882839559353,-118.02868426015112,3,6662196.7989
1879,33.96791183601312,-118.02925225442544,0,774921.15354
1880,33.93249186442988,-118.02665388019123,0,1344081.04493
1881,33.955890752371104,-118.02746449172396,0,1379265.43724
1882,33.92258563961645,-118.0288000335243,0,2050048.37694
1884,33.941692452824164,-118.02133220928128,1,1565432.79133
1885,33.961820902294846,-118.01988367102015,0,1391470.88808
1888,33.94812901367656,-118.01507591002392,0,1070302.05305
1889,33.92256485093859,-118.01113617177613,0,1378564.75475
1890,33.93308849512582,-118.01331346896949,0,1554926.29961
1891,33.978054353693416,-118.01039802662167,1,9780422.83323
1895,33.94184605070149,-118.0007820977343,0,1586742.02032
1896,33.93202863001719,-118.00319611827787,0,1243698.55043
1898,33.96008526795913,-117.99504960670028,0,6405862.40755
1899,33.927460339467316,-117.99474962293232,0,1171802.66923
1901,33.922195480425074,-117.98453085556719,0,1743206.82674
1902,33.93562519253882,-117.98460512567969,0,1927420.29501
1903,33.956046971850796,-117.97411830796963,1,7177767.3313
1904,33.96024463381849,-117.942945276472,0,9949442.65098
1905,34.04438395931233,-118.2827215867866,2,180712.16986
1906,34.0491172696544,-118.28234512580768,0,149761.72284
1907,34.065727633163995,-118.28254157012339,0,170299.14958
1908,34.05293302462205,-118.28190983964973,3,178154.71622
1909,34.06276286927264,-118.28110475566302,6,164656.99246
1910,34.056721285105844,-118.28152507310224,4,215563.33772
1911,34.07215903809365,-118.2817728508394,1,349978.86156
1912,34.042302592431874,-118.28040028338381,2,238429.05378
1913,34.03470748297952,-118.28085162977884,5,372666.2356
1914,34.0267488520758,-118.2808594255699,5,490237.84883
1915,34.04721321628373,-118.27825502829873,1,179023.94332
1916,34.03164960431639,-118.27690391931348,16,358534.8307
1917,34.06970905063224,-118.27798316025581,5,324187.75487
1918,34.060998432872395,-118.27752107119828,7,479730.33727
1919,34.05466194656443,-118.27722131642598,2,136170.9514
1920,34.05055194059144,-118.27695057246068,3,231073.22483
1921,34.03951116639977,-118.2745418481782,80,738681.65894
1922,34.05313274487093,-118.27384487827777,2,138135.19069
1923,34.0597996085448,-118.27335982784541,1,159214.58728
1924,34.022673189837285,-118.27270545223703,12,863888.33611
1925,34.06772874925852,-118.2730949922426,4,504012.00699
1926,34.05644620791962,-118.2723723111728,3,183963.51757
1927,34.04685100844584,-118.27231239454433,31,408431.98355
1928,34.05956804451978,-118.27009322891607,0,112048.25497
1929,34.02918237330548,-118.2689062634296,19,886445.82056
1930,34.044322433394875,-118.26785315232092,22,370899.36632
1931,34.050730003239124,-118.26830179074928,16,306175.4971
1932,34.06564275898178,-118.26797253591883,1,455371.60844
1933,34.05518619960273,-118.26752147203477,2,304706.29606
1934,34.03624352224329,-118.26719884674507,37,465733.32646
1935,34.057855984850484,-118.2648764883468,0,193896.33549
1936,34.048122267173206,-118.26239198468159,15,188501.78973
1937,34.042007420207035,-118.2624882415736,22,495019.40911
1938,34.05239280084522,-118.26262916181295,13,169736.97529
1939,34.03342608505683,-118.26194527620862,33,409384.15947
1940,34.06204865182888,-118.26186437746765,23,713202.97319
1941,34.05548693870268,-118.25999367901753,16,241272.23487
1942,34.050850297513215,-118.25901489681691,14,133577.654
1943,34.045859387411014,-118.25794380906444,8,203498.98182
1944,34.03875562579529,-118.2573675043078,23,409001.63589
1945,34.06300872029391,-118.2557620921324,28,659750.52738
1946,34.0487363132376,-118.2552686025675,9,203188.94264
1947,34.05242362096344,-118.25385215920556,63,322625.9578
1948,34.04329174161115,-118.25389217418278,8,176934.75333
1949,34.05622271270491,-118.25289684532842,22,151943.25668
1950,34.04600686952656,-118.25102199792681,5,195674.50859
1951,34.059331032142836,-118.24981885868547,28,199399.08644
1952,34.05405337016528,-118.24949137912755,24,143648.8181
1953,34.04952834945547,-118.24752538032786,10,313317.60321
1954,34.057149424816494,-118.24661399020931,9,188658.03169
1955,34.0552087776498,-118.24399155916826,9,110893.47767
1956,34.16158663963015,-118.2991623661855,32,985636.37221
1957,34.13486860835874,-118.29212395843383,175,16773262.57161
1958,34.16875180327089,-118.29050986443093,8,905774.80292
1959,34.172370034909015,-118.28868246567237,3,668746.14097
1960,34.16130262227011,-118.28844535713051,25,1368509.32432
1961,34.17524409035185,-118.286925993688,0,599123.63714
1962,34.09925055372309,-118.2836895834985,2,580087.5982
1963,34.181504832207175,-118.28332764455939,0,1591975.59435
1964,34.085665255071135,-118.28115832909359,9,876262.87401
1965,34.07567050891887,-118.27769608691266,39,402327.41703
1966,34.10530176432875,-118.27853151159302,10,1478130.36653
1967,34.08038026771067,-118.27499372478643,6,712923.13609
1968,34.09169164632459,-118.27405587165721,3,1029421.73647
1969,34.15843953491812,-118.27366589193244,33,931508.41638
1970,34.16569531483696,-118.27265552182598,5,1600988.61352
1971,34.136614080365526,-118.27113461405048,22,2143062.58779
1972,34.15116810644931,-118.26909940986316,17,803264.59101
1973,34.17508102621286,-118.27146067907273,1,1164462.78641
1974,34.07472914862346,-118.26860264907006,18,483182.79123
1975,34.100822976415465,-118.26682023085417,8,1894936.05648
1976,34.0808262641772,-118.26555085074472,10,527566.22614
1977,34.08817128264162,-118.26464730375113,11,1206727.22274
1978,34.07267839937211,-118.26368992778582,26,403656.98944
1979,34.12075694693021,-118.26413667179962,3,922443.25805
1980,34.14468748886955,-118.26315704026067,10,692306.98305
1981,34.140326076179306,-118.2617175298541,8,626936.35868
1982,34.135873280327225,-118.26101479782366,12,543708.98532
1983,34.12881521049037,-118.25891046352922,6,827285.34076
1984,34.16625714483849,-118.26094802845326,0,547178.35518
1985,34.14921405973022,-118.25970277338271,3,478802.56673
1986,34.15545112009306,-118.25977018135674,26,722940.57712
1987,34.1614812916508,-118.25974297356254,5,408863.73802
1988,34.20292439314475,-118.25271851639846,3,13374967.95105
1989,34.072623184143296,-118.25778221844502,18,689070.95513
1990,34.18541289614804,-118.2601920759457,1,11581289.93209
1991,34.08319998271066,-118.25718579058369,12,615292.36385
1992,34.22939975243043,-118.2572408180002,55,2007766.16714
1993,34.102388996354684,-118.25461622654066,99,1773461.36448
1994,34.091551778879634,-118.25390332325959,24,803765.2532
1995,34.06764300559167,-118.25195189949712,34,469377.01061
1996,34.079663324453826,-118.25052417336994,8,1085771.65166
1997,34.244022135676424,-118.25524497663231,4,3496218.83362
1998,34.149168724617425,-118.25052806912817,4,502550.44493
1999,34.13627768298404,-118.24833465584128,2,703478.81575
2000,34.1407531285389,-118.2485561339544,2,511302.57676
2001,34.144479065043626,-118.248445654026,3,497437.09348
2002,34.12824433743123,-118.2488081204239,9,1437629.36493
2003,34.068521850622254,-118.24600670511478,17,676088.88047
2004,34.10217749774383,-118.24548988903587,8,728490.59353
2005,34.15489172835802,-118.2465716426875,37,1096937.74053
2006,34.117820424203636,-118.24502883069196,13,1078346.84113
2007,34.108811661814734,-118.24953363314465,22,2402342.23668
2008,34.16231473904433,-118.24659987260617,7,1344054.75091
2009,34.060076825781806,-118.24184243656347,73,701852.40583
2010,34.06469519015763,-118.23967355699726,9,293901.12293
2011,34.148820944568975,-118.24091281304374,5,576698.37631
2012,34.089760445365336,-118.23987649572425,31,1723620.29939
2013,34.13475756748546,-118.2363627392318,4,1037004.72585
2014,34.109504069046224,-118.23833610560314,14,1086452.48054
2015,34.22067234419911,-118.24028641560919,18,1332586.24827
2016,34.07911365299887,-118.2379778143595,30,2698576.98405
2017,34.14257839552167,-118.23801921891136,4,550448.18068
2018,34.22819037707824,-118.23836827940022,2,1902075.70588
2019,34.20790352420535,-118.23688252036833,17,2188848.942
2020,34.24221140793417,-118.23416770091951,4,4727664.68141
2021,34.15691595814785,-118.23137498337798,60,2051309.47617
2022,34.06922218737388,-118.2304078439477,48,1634496.25421
2023,34.14539244218001,-118.23212828548056,17,564724.2795
2024,34.11646523509795,-118.23327068362755,19,2732534.85523
2025,34.128336235132615,-118.2299526255362,20,1341427.12936
2026,34.101796965667944,-118.22647290272171,0,1545821.85268
2027,34.08833761865523,-118.22572927835958,8,817530.68304
2028,34.2109473488635,-118.22571167028516,35,1675871.92961
2029,34.13610751775052,-118.22372848383347,20,1450415.44802
2030,34.09220286455216,-118.2226258395341,1,420878.14844
2031,34.06758399711039,-118.22019662004031,29,972801.26085
2032,34.08013670195288,-118.21940781224845,76,1559864.0336
2033,34.18493996601266,-118.22031801889753,52,6156056.55913
2034,34.095059833987186,-118.21706332597856,0,1205146.13904
2035,34.1180024723364,-118.2183701385907,6,1765272.02627
2036,34.07622045370697,-118.21190719530334,1,394999.358
2037,34.104884169500316,-118.21039502509919,4,2276537.63572
2038,34.12217460677604,-118.21141238084981,2,729263.86434
2039,34.065083633049646,-118.21154210108129,16,439629.77246
2040,34.07065627478617,-118.21034054527478,2,650937.28274
2041,34.129421224305666,-118.21081141360375,4,1562201.51377
2042,34.13671937876857,-118.20887385313048,4,878750.92599
2043,34.08926866103777,-118.20942084095832,17,697145.01453
2044,34.168984485975045,-118.20609378614242,14,6936071.70132
2045,34.1439340884615,-118.20275293377274,82,4089872.85733
2046,34.081283522872894,-118.20329543436588,6,953630.39001
2047,34.154086295810714,-118.20067572992913,9,4422783.05594
2048,34.11540219046544,-118.20308288079875,0,500192.92535
2049,34.11094120781937,-118.20158508843326,0,427494.00281
2050,34.09264686294848,-118.19919902075164,13,2595493.42155
2051,34.070004292203286,-118.19975029104006,14,960667.64455
2052,34.12323445418898,-118.20025145470828,2,894355.0373
2053,34.10736946255245,-118.19787549212165,2,451961.43188
2054,34.07936017401414,-118.19740159039156,14,902344.38296
2055,34.10398282246842,-118.1970944518878,12,311261.24599
2056,34.114002323421836,-118.19489757846924,0,378449.187
2057,34.12775363943126,-118.1928886455262,0,1237262.89644
2058,34.13478077956211,-118.19285088199649,5,1094180.76778
2059,34.11997226552733,-118.18928631430985,0,534964.64442
2060,34.11517598747886,-118.18985255155843,0,517214.70909
2061,34.06891061109368,-118.18776835773147,3,1940256.37624
2062,34.08822388393326,-118.18780843941545,7,872343.43094
2063,34.08018474970196,-118.18482953085102,12,1300790.68598
2064,34.10694711554744,-118.18557069194142,38,1437922.80489
2065,34.09788202622432,-118.1838821287176,1,991213.21816
2066,34.122507379201124,-118.18178599949978,4,968103.92744
2067,34.08870824237776,-118.17854083525725,1,440474.72276
2068,34.09480719872153,-118.17514207638288,0,876249.09398
2069,34.06579219179006,-118.17191750485173,34,1266505.31008
2070,34.085172553686725,-118.17390093771394,1,439136.90564
2071,34.118731477683745,-118.17418697771208,13,1328603.61047
2072,34.08082798533248,-118.17379220810867,0,368153.61974
2073,34.07565182402137,-118.17111240779289,6,1605356.00113
2074,34.071857365072944,-118.16773000140802,1,446434.7534
2075,34.08656360104958,-118.16465571780583,2,886117.06741
2076,34.094929136968815,-118.16449120459521,2,926288.48252
2077,34.22923994209959,-118.2205337136942,3,2827763.3216
2078,34.21884008412687,-118.21599719937102,4,1494969.75855
2079,34.19325069161584,-118.19703839356157,57,7425736.6531
2080,34.206226568071564,-118.19500143857518,53,2608224.28525
2081,34.2183957159124,-118.19328853472075,39,7516762.5637
2082,34.16213409202578,-118.1776129777389,27,6805199.64733
2083,34.13408184254081,-118.17485225475302,13,2840233.31074
2084,34.208962736503445,-118.17587600203301,18,4206974.87616
2085,34.10496116883158,-118.16991929454848,11,2180252.91747
2086,34.15827296488302,-118.16415520271265,38,2208551.35288
2087,34.17643193579855,-118.16072991123961,36,2482477.21547
2088,34.186660982312944,-118.16096659203755,12,1818535.91294
2089,34.109411366460634,-118.16137478290247,10,1138078.3328
2090,34.12988651884424,-118.15819837061602,13,1883520.25475
2091,34.1405776128529,-118.1589227213536,36,1735079.84796
2092,34.05529891367248,-118.15982560061028,56,2940051.89197
2093,34.11940776867497,-118.15634577727023,53,2373605.66911
2094,34.19438539493305,-118.15772326272798,6,1314432.43428
2095,34.162513240688185,-118.15682231232005,32,1660513.53924
2096,34.07111086565064,-118.1549396644307,26,1814313.51441
2097,34.20862628774178,-118.15443807665082,8,4972062.31425
2098,34.06544311597431,-118.15068196061075,24,898061.05412
2099,34.10573933918261,-118.15370170373764,11,1074964.50241
2100,34.090922800561906,-118.15361506512718,10,1092092.41288
2101,34.08338669051382,-118.1528062278154,13,1284776.19268
2102,34.07808426833316,-118.15217949983648,4,427577.27368
2103,34.04874138022239,-118.148384631248,8,2452162.7393
2104,34.09572023674545,-118.14724006218601,8,827214.52629
2105,34.15437724188054,-118.14891682587222,31,898777.2571
2106,34.148691828901136,-118.14803710511623,40,812958.55068
2107,34.14080459616656,-118.14589308598318,14,927102.19234
2108,34.16335474502248,-118.14609647184139,5,1022699.61209
2109,34.10823499796597,-118.14492915181873,16,2112765.53099
2110,34.03762197956656,-118.13974869900977,23,1228731.72272
2111,34.065262979590095,-118.14074689955973,5,834096.07087
2112,34.08027930901739,-118.13902098296833,8,520756.93583
2113,34.17479669608006,-118.14210089505045,6,2197875.98039
2114,34.086980650745545,-118.14016117554273,6,950907.17688
2115,34.185282214062674,-118.14083273516341,6,1935309.54724
2116,34.07366054744934,-118.13934922175174,24,803403.8576
2117,34.12733535368929,-118.13928884643086,15,3156039.02609
2118,34.05862163282845,-118.13547326577907,17,1174065.88886
2119,34.13813729841642,-118.13680129459645,2,422555.24855
2120,34.14314547259451,-118.13686811035294,6,505093.92067
2121,34.15182460259767,-118.13694047199974,11,1104534.1406
2122,34.16340064146196,-118.1369964467792,0,1043355.89997
2123,34.2003961679838,-118.13660264922154,7,3208574.6078
2124,34.09564626208093,-118.13471168457372,3,887801.92388
2125,34.05065903286595,-118.13287050356821,0,1097435.51941
2126,34.04148524843971,-118.13383095156631,2,717870.46008
2127,34.10399985100467,-118.1321742324557,9,1285131.44243
2128,34.064306011164554,-118.12900117598106,1,454852.832
2129,34.06796411274468,-118.12915767364831,2,465952.34489
2130,34.087662206160765,-118.1302888755592,7,1049085.16598
2131,34.08324521976058,-118.12606269357553,7,622674.47121
2132,34.13336207697038,-118.12727854558462,0,547349.65834
2133,34.1409196555404,-118.12679861205733,10,1129956.41647
2134,34.15185525505496,-118.12689718969806,24,1332827.57501
2135,34.074307574817816,-118.12578554939584,65,1629099.07185
2136,34.16351904437842,-118.1266940945501,5,1315379.21177
2137,34.17235011634429,-118.1247007178925,3,1021664.18897
2138,34.05900704915045,-118.12199632711571,6,772883.40164
2139,34.12048033260647,-118.12078904338654,22,6256010.22626
2140,34.10123839214385,-118.12180854995248,2,1048750.03915
2141,34.066170800372205,-118.11984275374842,2,447099.26828
2142,34.08415549756167,-118.12018696486187,6,655354.27458
2143,34.09519960856278,-118.11896012156807,3,936295.9991
2144,34.1394271516249,-118.11742205702508,6,1086956.06552
2145,34.04825666525039,-118.11541315813653,2,2860085.9284
2146,34.08227102203756,-118.11275590695968,15,2183992.92426
2147,34.15192252241713,-118.11453653049402,27,1663889.61401
2148,34.05895726792303,-118.11242746875396,2,646517.56258
2149,34.18098472101813,-118.11548815983332,5,2449465.79477
2150,34.03705405939034,-118.11569564089037,8,2987578.50031
2151,34.17375188617364,-118.11133936438358,3,1942501.96442
2152,34.06645205300653,-118.11173430642958,16,766331.73567
2153,34.10816644797596,-118.11062571268948,1,1532799.68155
2154,34.16096551014801,-118.11350756296697,3,1048057.31131
2155,34.192484107696224,-118.11558530873677,4,5629683.45997
2156,34.099154336581854,-118.10693164045695,9,879995.01957
2157,34.05898185356993,-118.10376429269694,1,640314.15261
2158,34.08319343860327,-118.10397471853533,12,1205912.48749
2159,34.16556993614625,-118.10191471791553,11,2567372.17474
2160,34.15223954175007,-118.10313149698948,27,1137409.52809
2161,34.139270625738504,-118.10254817382145,2,680621.67805
2162,34.143003281602866,-118.10679411127452,3,815660.13536
2163,34.050720770336696,-118.09924053094397,11,1528180.68589
2164,34.0689731588927,-118.09884374551721,15,929807.83224
2165,34.064432846414284,-118.09874154683428,5,607960.33751
2166,34.07398317143149,-118.09865956093087,73,930545.19395
2167,34.12583623477263,-118.09947450819661,28,3498163.69381
2168,34.09345760788345,-118.09836633865537,8,1408950.66334
2169,34.10890322660179,-118.09732883685153,5,1509098.86165
2170,34.05862515104464,-118.0948588315985,3,729275.31733
2171,34.04068038018824,-118.09431661132759,9,1745415.7953
2172,34.09984003960833,-118.09446186163328,3,614790.84083
2173,34.08311537499384,-118.09286363993743,5,1861776.20959
2174,34.15374001664774,-118.09001655390806,79,2367402.65003
2175,34.14032214961483,-118.08937051745254,5,1664731.17303
2176,34.06736839480972,-118.0862593692481,13,821449.82497
2177,34.12035891281245,-118.0861167754084,4,1351275.72927
2178,34.10820740022265,-118.08500559893481,1,1237886.96197
2179,34.13742297320607,-118.08101051554583,29,2494049.60951
2180,34.08720445255026,-118.08263040512846,4,1131668.95926
2181,34.07627737934872,-118.0825367315724,21,896880.84504
2182,34.17637828193089,-118.08319239481773,8,6761587.83399
2183,34.098133900423285,-118.08153011740708,4,1570667.45754
2184,34.04919324917508,-118.08144618197443,25,3495778.12724
2185,34.058706229150836,-118.07698737231576,1,892713.85961
2186,34.06712169802701,-118.07621001792155,29,1110312.44911
2187,34.12634871273011,-118.07505219445285,6,1131245.41466
2188,34.155224661913806,-118.07517932208442,17,1798200.35576
2189,34.118031732236105,-118.07405828936659,7,1282153.75215
2190,34.10920568921865,-118.07344052230113,10,1134539.03688
2191,34.08575537538063,-118.07149651065119,17,1411581.75775
2192,34.09767921652173,-118.07110102452069,9,993213.34014
2193,34.07666285268727,-118.07085836672043,25,1134043.70963
2194,34.14037748964082,-118.07047416257457,24,1146171.19828
2195,34.05697558353052,-118.06556993641587,5,1229176.01948
2196,34.06937585282667,-118.06334646000411,43,1126039.7056
2197,34.0322037911599,-118.05899533006034,48,6674929.14842
2198,34.119621103061704,-118.0611058233347,1,1482129.55524
2199,34.11031304988298,-118.06006312762612,7,1068529.44631
2200,34.07873313922391,-118.05988427803088,14,1109887.38105
2201,34.0464838091527,-118.05849528603046,31,3198039.32747
2202,34.09275746083547,-118.05876356873017,4,1859288.51574
2203,34.127049607949935,-118.05913308802371,2,580547.9319
2204,34.06585468830652,-118.05538894732292,10,1110016.69102
2205,34.130034553301975,-118.05854885096109,9,482492.61203
2206,34.141123966668786,-118.05897624192518,18,2978096.36274
2207,34.07886932008137,-118.05321385680273,11,571665.68178
2208,34.16191919315768,-118.05330006527457,7,2942237.66281
2209,34.102309338478925,-118.05475278829367,3,2237433.82159
2210,34.0568737332691,-118.05217324885245,3,1708444.61365
2211,34.15453888763077,-118.04686999118012,18,3718763.99119
2212,34.17299535202417,-118.04857121578294,2,4742957.36901
2213,34.07707040469359,-118.04689877569297,6,799488.76429
2214,34.086824635567844,-118.04399318739135,3,1984155.77813
2215,34.05960174925969,-118.0426124876574,1,503804.76068
2216,34.09585708328865,-118.04290755424934,3,1171734.13968
2217,34.12130144499537,-118.0421453247896,8,3163477.37422
2218,34.135918367195046,-118.04293621709,16,3222333.80373
2219,34.11017691214523,-118.04283481234691,13,2012816.90888
2220,34.14495572601061,-118.0371106167041,16,848248.30135
2221,34.04947541922207,-118.03641430734085,7,1570366.40427
2222,34.06780112567785,-118.03678962980617,56,1776148.47586
2223,34.07595457301525,-118.03448231155924,29,1872358.64084
2224,34.05952815623894,-118.03465130543852,2,571225.51754
2225,34.04368727246962,-118.02674694673598,15,1715246.17438
2226,34.08503519852784,-118.02807788904323,6,1504581.87319
2227,34.052574358822575,-118.02686804317138,6,730303.03314
2228,34.062756370399285,-118.02703764028178,15,706373.19601
2229,34.13793314915889,-118.02600788064058,16,1708651.54124
2230,34.16244104928617,-118.02590220549571,16,3586750.62805
2231,34.101532698602135,-118.02502872510699,16,3141026.74972
2232,34.09055298659231,-118.02205551746844,6,1049788.96236
2233,34.11558853171537,-118.02277849474527,7,2273075.48605
2234,34.05870406743755,-118.0200913627453,5,720509.529
2235,34.126092889713,-118.02027488926512,2,1855071.38567
2236,34.0706728229391,-118.01707677231153,14,1297309.435
2237,34.06293457541356,-118.01416766513798,28,884068.8532
2238,34.08200320982943,-118.01433969955022,2,1404049.24251
2239,34.05207748738005,-118.01411742777802,11,1104411.23063
2240,34.13822637655439,-118.01300345575667,35,2344236.00355
2241,34.111289616167355,-118.0099047146434,3,1765878.20145
2242,34.07006679208636,-118.00680481239534,11,901579.58867
2243,34.094828533705595,-118.0057542065078,7,2868970.70577
2244,34.12512861063997,-118.00667494997464,1,816078.83756
2245,34.08151122993459,-118.00513651137933,5,1098737.35532
2246,34.15479119605391,-118.00340436461556,2,1934217.19868
2247,34.148412677062176,-118.00513552537379,3,1759377.22253
2248,34.16756416498524,-117.99896729276391,1,10028037.29133
2249,34.13607590345225,-117.99719299688648,53,3013439.89038
2250,34.12336485802129,-117.99546983898696,4,1485212.51449
2251,34.14523984006843,-117.98468769501227,4,1362616.9753
2252,34.12861625366014,-117.979697554193,3,1340361.0322
2253,34.13754256512454,-117.97555595149765,37,1983725.10148
2254,34.153254944433684,-117.96836345087392,0,4998888.37802
2255,34.13932085038294,-117.95525094873742,27,2146186.18674
2256,34.15423776692094,-117.94721108703797,3,4291051.04158
2257,34.03855153072547,-118.01769702093326,49,3311779.21505
2258,34.03437837892099,-118.00478510368298,9,1720294.09472
2259,34.015451175039814,-118.00434277053515,42,11582777.80026
2260,34.04624381241506,-117.99814151501705,26,2069736.07666
2261,34.07204587473241,-117.99636384291604,33,1644619.66321
2262,34.05496663231039,-117.99239022981638,25,3056322.58304
2263,34.09943953745615,-117.98827133857712,64,7245193.26428
2264,34.06451395194598,-117.98907439613579,36,1301438.21543
2265,33.98579247901359,-117.98493573255546,3,4687024.45557
2266,34.03431285712058,-117.98474107644313,5,2744553.32411
2267,34.07075951167572,-117.9850228717785,23,1154039.73433
2268,34.018302471726315,-117.98190875421726,10,1158675.32933
2269,34.086966168199766,-117.97936033134086,0,743907.6224
2270,34.078518495420845,-117.97725490751866,2,1384223.28614
2271,34.06088400440519,-117.97775493896222,4,1098968.71078
2272,34.000720275924905,-117.97628067417911,18,3408599.80385
2273,34.09569879490635,-117.97670989255084,2,1108565.24169
2274,34.04374561521286,-117.97679594432331,0,922074.56095
2275,34.02734728348199,-117.97380252362511,7,2164016.34115
2276,34.04786487350434,-117.97232584520111,3,1134574.63995
2277,34.087593289629616,-117.97269779531165,2,545043.11634
2278,34.01142569550803,-117.9678895057813,14,885522.77446
2279,34.05784855637203,-117.96649584266227,1,1950962.0154
2280,34.07264572559964,-117.96900199792515,13,1041884.82352
2281,34.120007889749694,-117.96082251130908,88,11524348.51435
2282,34.10312933247428,-117.96645179181307,10,1712970.54502
2283,34.067460973422044,-117.96619789785292,26,491783.48513
2284,33.98862119866491,-117.96340884610876,1,2137774.58262
2285,34.019160904409844,-117.96235861070642,12,2683865.67963
2286,34.08087328863425,-117.96321498124496,9,957928.09397
2287,33.9780324951702,-117.96037331703818,0,1766186.55055
2288,34.08921237220237,-117.96267951567705,2,956995.16686
2289,34.033547929736415,-117.9597850350799,2,1453791.30162
2290,34.09584269867699,-117.96165616853176,2,1126282.05824
2291,34.0395096414731,-117.96084915818844,0,802977.22267
2292,34.04548945597495,-117.9587123644321,2,989327.73403
2293,34.00221811343714,-117.95769089153684,14,2162371.93915
2294,34.05227561123951,-117.95767335868601,0,624248.5141
2295,34.07621100470851,-117.95696188739319,6,729088.37982
2296,34.064257378574965,-117.95347576225282,16,1755867.9758
2297,34.084933441731245,-117.9510689803449,13,1350541.00754
2298,33.993437745623304,-117.9490609629195,1,1378090.98149
2299,34.10334964630543,-117.9490043031969,0,903162.81872
2300,34.02052079542839,-117.94615487458094,2,1990489.15695
2301,34.03429686915415,-117.94520729762583,3,1753738.81022
2302,34.04532975772067,-117.94298609214337,7,2139106.07939
2303,34.1341022785631,-117.9405297584912,35,1944744.99914
2304,34.00701132119973,-117.94178293846954,13,2869341.21102
2305,33.983682543995506,-117.9434318224224,4,2398052.04392
2306,34.080051832691844,-117.94307381917758,38,2617413.24626
2307,34.10218502466865,-117.93803706918007,27,4062202.67418
2308,33.99533939594119,-117.93762532836072,15,965727.24985
2309,34.063233284819624,-117.93922720484899,38,3755814.35273
2310,34.05428130107627,-117.93189589096158,2,1589306.47175
2311,34.091608359721654,-117.93149015382451,7,1362484.98534
2312,34.026868032094626,-117.92885114106275,7,4186412.43152
2313,34.01377200567256,-117.92966986092497,4,1124042.68355
2314,34.078876996211065,-117.92845737857499,36,1852978.62381
2315,34.0411919105606,-117.92800655299779,4,1495372.62942
2316,33.97604267684122,-117.92563741945366,1,3199792.28543
2317,34.120217461436546,-117.92265387927259,30,3224687.54704
2318,34.11093210263017,-117.92200652392168,6,802821.42932
2319,33.9850547249227,-117.92003878099031,2,2543464.59711
2320,34.066074278028374,-117.91715078369968,18,2045148.35778
2321,33.99258552680474,-117.91856410404651,17,1428427.2541
2322,34.00232738997471,-117.91988835912186,17,3023515.82145
2323,34.043705416908566,-117.91681669766406,4,1985092.25236
2324,34.15239273862582,-117.92282992639399,7,8913214.32677
2325,34.05573703288781,-117.91667327784866,13,1966968.88408
2326,34.07968990138254,-117.91556934546628,23,2124267.95339
2327,34.0929501237062,-117.9160232907492,16,2394503.65335
2328,34.01615118552729,-117.91474273214712,1,1675027.85556
2329,34.129210371283264,-117.91620242280113,21,1459093.71887
2330,34.103394411148734,-117.91267996595306,12,1894155.52759
2331,34.13848121400137,-117.90921155783637,10,1542135.44947
2332,34.02418364538135,-117.90927936074026,1,1039465.27106
2333,34.110539305328295,-117.90765953123903,4,1325912.66932
2334,33.96996045001551,-117.90233469976623,0,2111234.65208
2335,34.12752777498612,-117.90411205517468,6,1105429.95906
2336,34.09229132602173,-117.90141413493595,8,1892815.06763
2337,34.11789607780668,-117.90346414817375,21,615364.48364
2338,33.98045407173841,-117.90185936709894,3,1335897.55844
2339,33.999947652709935,-117.89970422501528,23,2401553.12741
2340,34.15307429681593,-117.89650146420021,6,4811201.72523
2341,34.05800511330962,-117.90050292956025,3,978099.4023
2342,34.06446827650836,-117.89826812551281,1,1218797.19363
2343,34.06977034680809,-117.89997704115677,11,748664.79631
2344,34.01611014008079,-117.89784044720297,0,1158081.19995
2345,34.00914516346981,-117.89722104583657,3,1987085.11991
2346,34.04181411533842,-117.89833923472112,12,6940636.98208
2347,33.99101164195588,-117.89696662121254,18,1030440.51739
2348,34.022464952841815,-117.89804787292778,1,890144.97617
2349,33.98233002347751,-117.89349245726623,2,1143568.95992
2350,34.07647652174098,-117.89787594117534,47,1927338.80877
2351,34.11425919540435,-117.89469743427023,13,1349408.76645
2352,33.959103972447245,-117.88856829574024,1,17188317.40323
2353,34.081513707160745,-117.88927670926738,12,1635474.69824
2354,34.125959517424995,-117.89139028083166,4,1572997.66902
2355,34.10307538318782,-117.89025166291442,4,1319450.31675
2356,34.090290589948,-117.89114893978302,7,1387245.2105
2357,34.13797212829004,-117.88854599626966,13,2672702.86634
2358,34.11409445668956,-117.88580534923831,17,1319761.91817
2359,34.02545781506531,-117.88184582685446,2,3152913.36723
2360,33.99434852606404,-117.87929210901501,22,2868366.13512
2361,33.98217021273916,-117.87978372545284,0,1926819.13559
2362,34.00875293148935,-117.87930684716802,0,1841500.10531
2363,34.0958822560132,-117.87742909642088,5,1897831.45112
2364,34.06000230329061,-117.87785493413125,27,4967497.47942
2365,34.136008580502875,-117.87691906482202,6,1965767.32867
2366,34.0388553656395,-117.87288305455901,5,4901431.98464
2367,34.08754300325292,-117.87224358440187,6,1802146.06195
2368,34.112083458823925,-117.87248063319592,11,2111674.636
2369,34.12150844389982,-117.87324705838601,35,1257122.76623
2370,33.976582824674146,-117.86870850333861,1,1303927.8758
2371,34.10289395518969,-117.86796886040575,9,1867319.14762
2372,34.013710037137876,-117.87008424796542,1,2265880.93658
2373,34.131043470522535,-117.86666211263017,3,1281323.3521
2374,34.14150416555224,-117.8658886525074,2,1472485.16462
2375,33.99415413089691,-117.86238634671619,10,1079066.02775
2376,34.15561721536027,-117.8648540832584,7,7701850.00837
2377,34.075885128080024,-117.86075588984048,48,4983724.93529
2378,34.09078668550503,-117.85880814790629,2,1704568.96659
2379,33.988288782446,-117.85417510322814,5,3641040.72617
2380,34.01801442907404,-117.85590967048526,0,1736083.11379
2381,34.00571342686236,-117.85574839004126,23,3364075.6064
2382,34.045079345922204,-117.85567113031532,2,1260492.59204
2383,34.112004066725206,-117.85504154389088,15,1925744.63078
2384,34.12604705583894,-117.8546513097519,13,3013533.54983
2385,34.02843107520258,-117.85413989213816,1,2390244.38628
2386,34.14151247135296,-117.85278877358398,2,1448953.8052
2387,34.0625015364007,-117.85187756896264,17,4934321.47466
2388,33.977935062175014,-117.84837250330358,1,1484736.35626
2389,34.10301323734242,-117.84636514855009,4,1283291.26876
2390,34.092922632280185,-117.84644764858704,14,2163213.13931
2391,34.05084119488266,-117.842009438063,20,3447591.1281
2392,34.03318128710088,-117.84071500920243,7,3757861.41264
2393,33.990947410561354,-117.83571132975511,4,2303805.80252
2394,34.12416684572423,-117.83475534051382,31,2339758.22739
2395,34.113353700295534,-117.83396649336173,53,3192641.73195
2396,34.150203708789356,-117.83274235116119,11,7205986.73723
2397,34.01752084339838,-117.82930137352392,54,6946353.4389
2398,33.99806033384139,-117.82377550870787,10,3028219.44457
2399,34.01139415106638,-117.81383799130619,11,2250098.82555
2400,34.05495452357806,-117.82044024454291,46,4204201.4411
2401,33.98078473103844,-117.81504525642731,1,9262771.25885
2402,34.13577682757878,-117.82362784058039,6,4446224.70971
2403,33.95811481689667,-117.82674961892863,1,15861166.53539
2404,34.03168692622644,-117.79853077747283,26,2960819.20446
2405,34.00523657578573,-117.79638192118341,1,3891634.11436
2406,34.01741239631056,-117.78624584958781,12,6641137.899
2407,34.03897261077227,-117.78394969594441,13,3830574.2392
2408,34.03059760929059,-117.76528162004506,32,3347770.74857
2409,34.098854454267816,-117.8289312386205,28,2806745.36942
2410,34.10852787588267,-117.81459130190008,36,3476174.22709
2411,34.03930900873707,-117.81276874721745,9,2468369.81505
2412,34.122822698059885,-117.81400371404304,11,812360.72405
2413,34.08069973388536,-117.8113402401587,65,17476181.47119
2414,34.050236931582006,-117.8130531250266,27,1980934.39746
2415,34.10601818798901,-117.80078047570186,7,3132456.09087
2416,34.06706722211576,-117.78741947662087,22,2090330.25609
2417,34.13543054250809,-117.79594621504765,20,7640482.12219
2418,34.0547058532376,-117.79091658494825,57,4174127.46713
2419,34.11406699629438,-117.78936574115811,32,1301190.84205
2420,34.050309048956635,-117.78055802091214,10,1145051.40313
2421,34.09831370615557,-117.77750988139844,10,3774129.72375
2422,34.11082827662385,-117.77832170692157,2,1937572.42121
2423,34.13725310349803,-117.77460632992539,5,3875682.0821
2424,34.11717896671682,-117.76409164274521,39,2593835.79445
2425,34.06803184079468,-117.77012190307714,5,1328494.09375
2426,34.08181859713461,-117.76497510749887,27,5647793.85821
2427,34.054289404089495,-117.76437090238092,0,1015234.69455
2428,34.10610054012992,-117.76399820011967,1,2022369.94635
2429,34.037492913029794,-117.75720392248402,11,2416772.61912
2430,34.0477052200772,-117.76045094584977,0,1473639.38248
2431,34.13192535780776,-117.7585966101794,7,7376051.68701
2432,34.06484477234734,-117.76011228762083,9,1646030.81062
2433,34.101576263529395,-117.75246823455238,1,1164248.47829
2434,34.05774344174902,-117.75031926171921,5,1790503.14064
2435,34.03401922602674,-117.74496192807557,10,1841225.22752
2436,34.08509123612438,-117.74506368628113,18,2295736.81689
2437,34.0697312042582,-117.74323631816269,18,2271085.7208
2438,34.11436046707029,-117.74353859745696,26,1995983.39457
2439,34.10009504684823,-117.7417234399288,3,1814052.71273
2440,34.03218804603207,-117.7350188061456,21,3481107.68811
2441,34.048194459492564,-117.73648124309612,0,1940291.39211
2442,34.08611956552312,-117.73374378526347,13,1197504.53988
2443,34.05546930643666,-117.73284197965427,7,1817238.02401
2444,34.06353960330602,-117.72790373197488,5,1499449.01936
2445,34.10093192004497,-117.72525427327093,16,2654558.56096
2446,34.07166252604978,-117.72523269202726,1,1938051.68152
2447,34.07807617314297,-117.72537480219458,2,1070909.39133
2448,34.08057601796253,-117.71918931821548,8,389361.18095
2449,34.0882918846388,-117.71834702515523,15,2742101.1209
2450,34.12741038757916,-117.71575480418564,6,3704153.57079
2451,34.14785551845911,-117.71689129679343,11,23474911.04378
2452,34.11448252936358,-117.71640798639807,38,6055384.10377
2453,34.100714150825254,-117.7086729160456,11,1721710.82208
