startnode,endnode,category,capacity
1,4,2,600
1,93,1,1000
1,64,2,1500
2,4,2,600
2,94,1,10000
3,10,2,600
3,6,2,6000
3,4,2,6000
4,3,2,6000
4,1,2,600
4,2,2,600
5,86,1,10000
5,85,1,8000
5,11,2,4000
5,6,2,6000
5,17,2,6000
5,8,2,6000
6,3,2,6000
6,12,2,1000
6,5,2,6000
7,11,2,1000
7,85,1,10000
7,14,1,8000
7,61,2,1000
8,5,2,6000
8,10,2,1000
8,86,2,6000
8,9,2,6000
9,8,2,6000
9,94,1,10000
9,92,1,10000
10,8,2,1000
10,3,2,600
10,94,2,600
11,12,2,6000
11,7,2,1000
11,5,2,4000
12,13,2,1000
12,6,2,1000
12,11,2,6000
13,14,1,8000
13,93,1,8000
13,12,2,1000
14,7,1,8000
14,13,1,8000
14,62,2,1500
15,79,1,6000
15,18,1,8000
15,86,1,6000
16,78,1,10000
16,85,1,10000
16,17,2,6000
16,44,2,6000
17,16,2,6000
17,5,2,6000
17,86,2,6000
17,18,2,6000
18,78,1,8000
18,17,2,6000
18,15,1,8000
19,163,2,3000
19,20,2,6000
20,19,2,6000
20,77,1,8000
20,79,1,8000
21,162,2,7500
21,80,1,6000
22,25,2,1000
22,71,1,4000
23,179,2,2000
23,174,2,2000
24,107,1,5000
24,25,2,9000
25,26,2,9000
25,24,2,9000
25,22,2,1000
26,71,2,6000
26,179,2,6000
26,25,2,9000
27,29,2,2000
27,28,2,1000
27,31,2,6000
28,27,2,1000
28,75,2,4000
28,69,1,10000
28,76,1,8000
29,70,1,10000
29,30,1,10000
29,27,2,2000
30,29,1,10000
30,69,1,10000
31,27,2,6000
31,76,1,8000
31,70,1,10000
32,36,2,6000
32,40,2,4000
33,57,2,4000
34,36,2,6000
34,43,2,6000
34,39,1,8000
34,75,1,8000
34,35,2,6000
35,97,2,9000
35,78,2,600
35,34,2,6000
35,194,2,2000
36,38,2,4000
36,37,2,2000
36,32,2,6000
36,34,2,6000
37,68,1,8000
37,75,1,8000
37,36,2,2000
38,43,2,4000
38,40,2,4000
38,36,2,4000
38,41,2,6000
39,97,1,8000
39,34,1,8000
39,44,2,1000
39,43,2,4000
40,32,2,4000
40,38,2,4000
40,45,2,6000
41,42,2,9000
41,38,2,6000
41,45,2,9000
41,48,2,1500
42,47,2,6000
42,41,2,9000
42,44,2,9000
42,43,2,6000
43,42,2,6000
43,39,2,4000
43,34,2,6000
43,38,2,4000
44,42,2,9000
44,39,2,1000
44,16,2,6000
44,46,2,1000
45,40,2,6000
45,41,2,9000
45,48,2,6000
46,44,2,1000
46,85,1,8000
46,47,1,8000
47,46,1,8000
47,84,1,8000
47,61,2,1500
47,42,2,6000
48,84,2,1500
48,41,2,1500
48,45,2,6000
49,52,2,6000
49,60,2,6000
49,51,2,1500
50,51,2,1500
50,52,2,6000
50,64,2,3000
51,49,2,1500
51,53,2,1500
51,50,2,1500
51,63,2,1500
52,49,2,6000
52,50,2,6000
53,54,2,1500
53,55,2,2000
53,51,2,1500
54,59,2,600
54,58,2,3000
54,55,2,1500
54,53,2,1500
55,62,2,1500
55,54,2,1500
55,53,2,2000
56,57,2,1000
56,59,2,600
56,61,2,1000
57,60,2,3000
57,33,2,4000
57,56,2,1000
58,60,2,1000
58,59,2,1000
58,54,2,3000
59,58,2,1000
59,56,2,600
59,54,2,600
60,49,2,6000
60,57,2,3000
60,58,2,1000
61,56,2,1000
61,7,2,1000
61,62,2,1500
61,47,2,1500
62,61,2,1500
62,55,2,1500
62,14,2,1500
62,63,2,1500
63,64,2,1500
63,51,2,1500
63,62,2,1500
63,93,2,1500
64,50,2,3000
64,1,2,1500
64,63,2,1500
65,66,1,8000
66,70,1,10000
66,159,1,8000
66,65,1,8000
67,69,1,8000
68,69,1,10000
68,37,1,8000
69,28,1,10000
69,67,1,8000
69,30,1,10000
69,68,1,10000
70,29,1,10000
70,31,1,10000
70,66,1,10000
70,71,1,10000
71,157,1,12000
71,70,1,10000
71,22,1,4000
71,26,2,6000
71,159,1,8000
72,172,2,3500
72,173,1,10000
72,140,1,10000
72,146,1,8000
73,118,1,8000
73,120,1,8000
73,152,1,10000
73,165,2,600
74,119,1,10000
74,112,2,1500
75,34,1,8000
75,37,1,8000
75,28,2,4000
76,28,1,8000
76,77,1,8000
76,31,1,8000
76,194,1,6000
77,20,1,8000
77,107,1,6000
77,76,1,8000
77,78,1,8000
78,77,1,8000
78,97,1,8000
78,16,1,10000
78,35,2,600
78,18,1,8000
79,20,1,8000
79,80,1,12000
79,15,1,6000
79,86,1,10000
80,87,1,6000
80,21,1,4000
80,185,1,8000
80,79,1,12000
81,139,1,8000
81,147,1,8000
81,133,1,10000
81,180,1,10000
81,131,2,1000
81,181,2,2000
82,124,1,4000
82,151,1,8000
82,130,1,10000
82,142,1,8000
82,117,1,10000
83,115,1,10000
83,111,2,1500
83,122,2,1500
84,33,1,8000
84,47,1,8000
84,48,2,1500
85,16,1,10000
85,46,1,8000
85,7,1,10000
85,5,1,8000
86,87,1,10000
86,92,1,10000
86,79,1,10000
86,8,2,6000
86,15,1,6000
86,5,1,10000
86,17,2,6000
87,92,1,8000
87,86,1,10000
87,192,1,10000
88,134,1,10000
88,182,1,10000
88,133,1,10000
88,103,1,10000
88,132,2,2000
89,128,1,14000
89,127,1,10000
90,91,1,10000
90,130,1,8000
90,128,1,14000
91,125,1,10000
91,124,1,4000
91,130,2,1000
91,90,1,10000
92,9,1,10000
92,193,1,8000
92,87,1,8000
92,86,1,10000
92,190,2,1000
93,13,1,8000
93,1,1,1000
93,63,2,1500
94,2,1,10000
94,9,1,1000
94,10,2,600
94,95,2,1000
95,193,1,8000
95,102,2,6000
95,94,2,1000
96,103,2,4000
96,102,2,9000
97,78,1,8000
97,39,1,8000
97,35,2,9000
98,176,2,3000
98,156,2,1000
98,177,1,10000
98,154,1,12000
98,179,2,6000
99,180,1,8000
99,184,1,8000
99,169,2,3000
99,186,2,4500
100,182,1,10000
100,183,1,8000
100,186,2,4500
100,189,2,3000
101,103,2,4500
101,191,2,6000
101,189,2,3000
101,102,2,3000
102,101,2,3000
102,96,2,9000
102,95,2,6000
103,88,1,10000
103,96,2,4000
103,101,2,4500
104,149,2,6000
104,166,2,3000
104,152,1,10000
104,140,1,10000
105,151,1,8000
105,148,1,8000
105,137,2,3000
105,144,2,6000
106,127,1,10000
106,136,1,10000
106,137,2,4500
107,163,2,1500
107,77,1,6000
107,24,1,5000
108,116,2,1500
108,114,2,1500
108,110,2,1500
109,116,2,1500
109,118,2,1500
110,119,2,1500
110,108,2,1500
110,113,2,6000
110,112,2,6000
111,114,2,1500
111,112,2,1500
111,83,2,1500
112,110,2,6000
112,111,2,1500
112,74,2,1500
113,120,2,7500
113,110,2,6000
113,116,2,1000
114,108,2,1500
114,111,2,1500
114,115,2,1500
115,117,1,10000
115,83,1,10000
115,114,2,1500
115,121,2,1500
116,109,2,1500
116,108,2,1500
116,113,2,1000
116,117,2,1000
117,82,1,10000
117,115,1,10000
117,116,2,1000
117,123,2,6000
118,142,1,8000
118,73,1,8000
118,150,2,1000
118,109,2,1500
119,74,1,10000
119,120,1,8000
119,110,2,1500
120,119,1,8000
120,73,1,8000
120,165,2,6000
120,113,2,7500
121,122,2,6000
121,115,2,1500
121,123,1,6000
122,121,1,6000
122,83,2,1500
122,125,2,1500
123,121,1,6000
123,124,1,6000
123,117,2,6000
124,123,1,6000
124,91,1,4000
124,82,1,4000
125,122,2,1500
125,91,1,10000
126,127,2,1000
126,137,2,1000
126,129,2,1000
127,89,1,10000
127,106,1,10000
127,126,2,1000
128,90,1,14000
128,89,1,14000
128,129,2,7500
129,126,2,1000
129,130,2,1000
129,151,2,7500
129,128,2,7500
130,90,1,8000
130,82,1,10000
130,129,2,1000
130,91,2,2000
131,132,2,4000
131,135,2,1000
131,148,2,4000
131,81,2,1000
132,88,2,2000
132,134,2,1000
132,133,2,10500
132,131,2,4000
133,132,2,10500
133,81,1,10000
133,88,1,10000
133,181,2,3000
33,84,1,8000
134,136,1,10000
134,88,1,10000
134,132,2,1000
135,148,2,1000
135,131,2,1000
135,137,2,1000
135,136,2,1500
136,106,1,10000
136,134,1,10000
136,135,2,1500
137,135,2,1000
137,126,2,1000
137,106,2,4500
137,105,2,3000
138,141,2,1000
138,139,2,1000
138,148,2,600
139,148,1,8000
139,138,2,1000
139,81,1,8000
140,104,1,10000
140,72,1,10000
140,145,2,1000
141,138,2,1000
141,144,2,1000
141,148,2,1000
141,145,2,1000
142,143,2,1500
142,82,1,8000
142,118,1,8000
143,151,2,7500
143,150,2,1000
143,144,2,3000
143,142,2,1500
144,141,2,1000
144,143,2,3000
144,105,2,6000
144,149,2,6000
145,141,2,1000
145,140,2,1000
145,146,2,1500
145,149,2,1500
146,72,1,8000
146,147,1,8000
146,145,2,1500
146,170,2,1500
147,146,1,8000
147,81,1,8000
148,138,2,600
148,141,2,1000
148,105,1,8000
148,139,1,8000
148,135,2,1000
148,131,2,4000
149,145,2,1500
149,150,2,1000
149,144,2,6000
149,104,2,6000
150,149,2,1000
150,118,2,1000
150,143,2,1000
150,152,2,1000
151,82,1,8000
151,105,1,8000
151,129,2,7500
151,143,2,7500
152,73,1,10000
152,104,1,10000
152,150,2,1000
152,164,2,1000
153,158,2,600
153,156,2,1000
153,154,2,4000
154,98,1,12000
154,157,1,12000
154,156,2,4500
154,153,2,4000
155,156,2,600
155,177,2,600
156,153,2,1000
156,155,2,600
156,98,2,1000
156,154,2,4500
157,154,1,12000
157,71,1,12000
157,158,2,1000
158,157,2,1000
158,159,2,1000
158,153,2,600
159,66,1,8000
159,71,1,8000
159,158,2,1000
160,167,2,4000
160,162,2,4000
160,169,2,1000
161,185,2,6000
161,162,2,3000
161,169,2,7500
162,161,2,3000
162,163,2,1000
162,160,2,4000
162,21,2,7500
163,174,2,4500
163,19,2,3000
163,107,2,1500
163,162,2,1000
164,152,2,1000
164,166,2,6000
164,165,2,6000
165,73,2,600
165,164,2,6000
165,120,2,6000
166,172,2,6000
166,164,2,6000
166,104,2,3000
167,169,2,3000
167,171,2,1500
167,160,2,4000
167,176,2,3000
168,171,2,2000
168,180,2,1000
168,169,2,1000
169,168,2,1000
169,160,2,1000
169,99,2,3000
169,161,2,7500
169,167,2,3000
170,146,2,1500
170,171,2,1500
170,180,2,1000
171,170,2,1500
171,167,2,1500
171,175,2,2000
171,168,2,2000
172,72,2,3500
172,166,2,6000
172,173,2,3000
173,178,2,6000
173,172,2,3000
173,72,1,10000
173,177,1,10000
174,176,2,4500
174,23,2,2000
174,163,2,4500
175,176,2,3000
175,178,2,2000
175,171,2,2000
176,167,2,3000
176,174,2,4500
176,175,2,3000
176,98,2,3000
177,173,1,10000
177,98,1,10000
177,178,2,2000
177,155,2,600
178,177,2,2000
178,175,2,2000
178,173,2,6000
179,26,2,6000
179,98,2,6000
179,23,2,2000
180,81,1,10000
180,99,1,8000
180,168,2,1000
180,170,2,1000
180,181,2,7500
181,186,2,1000
181,81,2,2000
181,133,2,3000
181,180,2,7500
181,182,2,7000
182,100,1,10000
182,181,2,7000
182,189,2,1000
182,88,1,10000
183,100,1,8000
183,187,2,4000
183,192,1,8000
183,189,2,4000
184,99,1,8000
184,185,1,8000
184,187,2,4000
185,80,1,8000
185,184,1,8000
185,188,2,6000
185,161,2,6000
186,99,2,4500
186,100,2,4500
186,181,2,1000
186,187,2,1500
187,184,2,4000
187,186,2,1500
187,188,2,1000
187,183,2,4000
87,80,1,6000
188,185,2,6000
188,187,2,1000
189,100,2,3000
189,183,2,4000
189,101,2,3000
189,182,2,1000
190,191,2,6000
190,192,2,6000
190,92,2,1000
191,101,2,6000
191,190,2,6000
192,87,1,10000
192,183,1,8000
192,190,2,6000
190,193,2,6000
193,190,2,6000
193,92,1,8000
193,95,1,8000
194,76,1,6000
194,35,2,2000
